Oaka at the Mansion House,"48 Kennington Park Road, London SE11 4RS England",+44 20 7582 5599,Rf3_http://www.oakalondon.com/_Ybc
Devine Restaurant Coffee Bar,"19 Vine Street, London EC3N 2PX England",+44 20 7488 9929,lx0_https://www.facebook.com/Devine-Restaurant-Coffee-Bar-227060284161538/_Zf1
Bonoo Indian Tapas,"675 Finchley Road, London NW2 2JP England",+44 20 7794 8899,k7b_http://www.bonoo.co.uk_w47
Hibox,"48 Goodge Street, London W1T 4LX England",+44 20 7580 9312,9vL_http://www.hibahibox.com/_Okg
Nora Cafe,"9 Wentworth Street, London E1 7TB England",+44 20 7247 4992,7Jn_https://www.facebook.com/Nora-Cafe-100728638137118/_jmF
Indian Room,"59 Bedford Hill Balham, London SW12 9EZ England",+44 20 8675 8611,RvZ_http://www.indianroom.co.uk_sHI
Masala,"88 Brick Lane, London E1 6RL England",+44 20 7539 9448,WEn_http://masalabricklane.co.uk/_MRQ
Bayleaf Restaurant,"1282-1284 High Road Whetstone, London N20 9HH England",+44 20 8446 8671,Gb2_http://www.bayleaf.co.uk_tB9
Alexander The Great,"8 Plender Street Bayham Street, London NW1 0JT England",+44 20 7388 1111,Aa3_http://www.alexanderthegreatgreekrestaurant.co.uk/_jRj
Taste Of Nawab,"97 Colney Hatch Lane, London N10 1LR England",+44 20 8883 6429,Evx_http://tasteofnawab.com/_iZo
Amrutha Lounge,"326 Garratt Lane Earlsfield, London SW18 4EJ England",+44 20 8001 4628,7Bx_http://www.amrutha.co.uk/_d4g
Andy's Greek Taverna,"23 Pratt Street Camden, London NW1 0BG England",+44 20 7485 9718,NvP_http://www.andystaverna.co.uk/_b3O
Rai,"3 Windmill Street, London W1T 2HY England",+44 20 7419 0305,4rx_http://rairestaurant.com/_mWJ
Scarlett Green,"4 Noel Street Soho, London W1F 8GB England",+44 20 3653 2010,t7s_http://www.daisygreenfood.com/venues/scarlett-green_4oq
Chamisse,"55 Gray's Inn Road, London WC1X 8PP England",+44 20 7430 0799,Hou_http://chamisse.com_k0t
Bebs Kitchen,"126 Acre Lane, London SW2 5RJ England",+44 20 3659 8915,2cb_http://www.bebskitchen.co.uk_Zqo
Launceston Place,"1A Launceston Place, London W8 5RL England",+44 20 7937 6912,YY6_http://www.launcestonplace-restaurant.co.uk/_sbi
Tania's of Hampstead,"12 Heath Street Hampstead antique emporium, London NW3 6TE England",+44 7964 323723,N41_http://www.facebook.com/Coffeesandwaffles_LhB
Bustronome,"Coach Bay 40B, Victoria Embankment, London WC2N 6PB England",+44 20 3744 5554,IBY_https://www.bustronome.com/en/_SmY
Spasso,"61 Walm Lane, London NW2 4QR England",+44 20 8450 7722,je8_http://spassolondon.co.uk_eU7
Bruce Burgers,"93 Bruce Grove Tottenham, London N17 6UZ England",+44 20 8411 0087,wgi_http://bruce-burgers.co.uk/_zbB
Eastern Eye Balti House,"63A Brick Lane, London E1 6QL England",+44 20 7247 8643,BN5_https://www.facebook.com/easterneyebricklane/_mLS
Lizzie's Cucina - Italian Restaurant,"85 Bramley Road, London N14 4EY England",+44 7843 556095,I3l_http://www.lizziescucina.co.uk_uDE
The Hampshire,"225-227 King Street Hammersmith, London W6 9JT England",+44 20 8748 3391,j0i_http://www.the-hampshire.com_7Uo
Goddard & Gibbs,"100 Shoreditch High Street, London E1 6HU England",+442076139802,Zww_https://www.goddardandgibbs.com/_toI
Osteria Romana,"3-4 Park Close, Knightsbridge, London SW1X 7PQ England",+44 20 7584 5819,Ikf_http://osteriaromana.co.uk_wyA
Awesome Thai #Finchley,"826 High Road North Finchley, London N12 9RA England",+44 20 8492 8477,sFk_http://awesomethai.co.uk_Ggz
The Rajdoot Hampstead,"104 Fleet Road Hampstead, London NW3 2QX England",+44 20 7485 1329,sXb_https://www.rajdootnw3.co.uk/_rc1
Paladar,"4-5 London Road, London SE1 6JZ England",+44 20 7186 5555,cu7_http://paladarlondon.com_GP5
Indian Moment,"44 Battersea Rise Battersea, London SW11 1EE England",+44 20 7223 6575,F6n_http://www.indianmoment.co.uk/_EeU
Avanti Chiswick,"4 Bedford Corner South Parade, London W4 1LD England",+44 20 8994 9444,U6i_http://avantichiswick.com/_IXu
The Prince of Wales,"51 St. Georges Road Elephant & Castle, London SE1 6ER England",+44 20 7582 9696,uXg_http://theprinceofwaleselephantandcastle.com_Ipm
Brick Lane Brasserie,"67 Brick Lane, London E1 6QL England",+44 20 7377 8072,1FW_http://www.bricklanebrasserie.com_RT4
Standard Balti House - No.1 on Bricklane,"71 Brick Lane, London E1 6QL England",+44 20 7247 5855,5ob_http://www.standardbaltihouse.co.uk/#_=__BGV
Almas Restaurant,"St John'Swood 83 Abbey Road, London NW8 0AG England",+44 20 7625 6968,fle_http://www.almasrestaurant.co.uk_c4A
The Park Room,"86-90 Park Lane Grosvenor House, A JW Marriott Hotel, London W6 7LS England",+44 20 7399 8452,JPZ_http://www.parkroom.co.uk/_Fg4
Jamon Jamon Belsize Park,"177 Haverstock Hill, London NW3 4QS England",+44 20 7483 4242,7wE_http://jamonjamon.uk.com/booking/#1642380119237-5f14dd1f-af6a_SPF
Jamon Jamon Belsize Park,"177 Haverstock Hill, London NW3 4QS England",+44 20 7483 4242,O7D_http://jamonjamon.uk.com/booking/#1642380119237-5f14dd1f-af6a_Mf0
The Cocktail Trading Company,"68 Bethnal Green Road, London E1 6GQ England",+44 20 7427 6097,ZH3_http://www.thecocktailtradingco.co.uk/about_ECw
Bar 61 Restaurant,"61A Streatham Hill, London SW2 4TX England",+44 20 8671 0444,sxo_http://www.bar61.com/_WPr
Zeret Kitchen,"216-218 Camberwell Road, London SE5 0ED England",+44 20 7701 8587,B16_http://zeretkitchen.co.uk_0w2
The Clink Restaurant,"Brixton Jebb Avenue Brixton, London SW2 5XF England",+44 20 8678 9007,7JC_http://theclinkcharity.org/restaurants/brixton_ERX
Core by Clare Smyth,"92 Kensington Park Road Notting Hill, London W11 2PN England",+44 20 3937 5086,dmF_http://www.corebyclaresmyth.com_YEE
Goddard & Gibbs,"100 Shoreditch High Street, London E1 6HU England",+442076139802,Zja_https://www.goddardandgibbs.com/_Jbk
Double J's Cafe,"333 Euston Road, London NW1 3AD England",+44 20 7388 1212,Y2T_http://www.doublejscafe.com/_AVF
Richard's Kitchen,"16A Tooting Bec Road, London SW17 8BD England",+44 20 8767 0238,vwj_http://www.richards-kitchen.com/_j8d
The Wine Place Covent Garden,"33, The Market Building Covent Garden, London WC2E 8BE England",+44 20 7240 7887,yWt_http://www.italianwines.com/_1O2
The Hayden,"65 Westbourne Grove, London W2 4UJ England",+44 20 7229 2233,TTM_http://www.haydennottinghill.com_4wr
"Indian Express, West Kensington","3 North End Parade West Kensington, London W14 0SJ England",+44 20 7610 1777,jTf_http://indianexpressonline.co.uk/_Ivc
Bustronome,"Coach Bay 40B, Victoria Embankment, London WC2N 6PB England",+44 20 3744 5554,9us_https://www.bustronome.com/en/_Kav
Steak And Lobster Marble Arch,"19-25 Granville Place Radisson Blu Edwardian Sussex Hotel, London W1H 6PA England",+44 20 7666 2690,oqA_https://www.steakandlobster.com/?utm_source=Yext&utm_medium=Organic_REZ
Oliveira Kitchen,"80 Paul Street, London EC2A 4NE England",+44 20 7729 0481,Qn9_http://www.oliveira.kitchen_6we
Flour To The People!,"573 Battersea Park Road, London SW11 3BJ England",+44 20 7228 5672,Hhl_http://www.flour2people.co.uk/_wfn
Bella Roma - Italian Restaurant,"13 Lewis Grove, London SE13 6BG England",+44 20 8852 5787,gui_http://www.bellaromalewisham.com/?utm_source=Tripadvisor&utm_medium=Link-Profile&utm_campaign=Social-Media_YsN
Yuu Kitchen,"29 Commercial Street, London E1 6NE England",+44 20 7377 0411,WMg_http://www.yuukitchen.com_FGq
Chourangi,"3 Old Quebec Street, London W1H 7AF England",+44 20 3582 2710,Ugg_http://chourangi.co.uk/_5XP
Amber Restaurant,"21 Piazza Walk Goodman's Fields, London E1 8QH England",+44 20 7702 0700,
Chez Abir Restaurant,"34 Blythe Road, London W14 0HA England",+44 20 7603 3241,3qK_http://www.chezabir-restaurant.com_dkT
The Prince of Greenwich Pub,"72 Royal Hill Greenwich, London SE10 8RT England",+44 7940 596381,mxm_http://www.theprinceofgreenwichpub.com/_MJX
Khan's of Kensington,"3 Harrington Road South Kensington, London SW7 3ES England",+44 20 7584 4114,3Bc_http://khansofkensington.co.uk_E72
Alcedo Bistro & Bar,"237 Holloway Road, London N7 8HG England",+44 20 7998 7672,yWt_https://www.facebook.com/pages/category/Breakfast---Brunch-Restaurant/Alcedo-Bistro-Bar-1781956152048787/_FoN
Sheba,"136 Brick Lane, London E1 6RU England",+44 20 7247 7824,DhL_http://shebabricklane.com_RFB
Moira Restaurant,"2 Mastmaker Road, London E14 9AW England",+44 20 7538 9001,hbc_http://www.moirarestaurant.com/_Szq
Hiba Street,"10 Tottenham Street Between Goodge Street Station and Warren Tube Station, London W1T 4RD England",+44 20 7636 6735,E9L_http://www.hiba-express.co.uk/hiba-street/_Z3i
Figo Leyton,"264 High Road Leyton, London E10 5PW England",+44 20 8262 3128,Q4l_http://figorestaurant.co.uk/ley_ton/_Qr0
Sanjugo London,"35 Scrutton Street Shoreditch, London EC2A 4HU England",+44 20 7613 3225,Xvh_http://www.sanjugo.co.uk_KIw
Yucca,"496 Fulham Road Fulham, London SW6 5NH England",+44 20 3080 0881,LYl_http://www.yucca-fulham.com_Jzp
STK Steakhouse Strand,"336-337 Strand ME London Hotel, London WC2R 1HA England",+44 20 3137 2520,IH5_https://stksteakhouse.com/venues/london-strand/_qim
Liman Restaurant,"60 Penton Street The Angel, London N1 9PZ England",+44 20 3583 6442,Tx2_http://www.liman.co.uk/_hZK
Daphne Restaurant,"83 Bayham Street, London NW1 0AG England",+44 20 7267 7322,WoP_http://www.daphne-restaurant.com_lGn
Mio Restaurant,"58 Great Peter Street, London SW1P 2HD England",+44 20 7222 0058,WBe_https://www.facebook.com/Mioitalian/_NrM
Knife Restaurant,"160 Clapham Park Road, London SW4 7DE England",+44 20 7627 6505,pQX_http://kniferestaurant.co.uk/_bZk
E Pellicci,"E E 332 Bethnal Green Road, London E2 0AG England",+44 20 7739 4873,VXX_https://epellicci.co.uk/_fPs
Angus Steakhouse Oxford Circus,"243 Argyll Street Oxford Circus, London W1D 2LU England",+44 20 7734 5025,mDg_http://www.angussteakhouse.co.uk/_IQm
Angus Steakhouse Oxford Circus,"243 Argyll Street Oxford Circus, London W1D 2LU England",+44 20 7734 5025,ENp_http://www.angussteakhouse.co.uk/_izr
E Pellicci,"E E 332 Bethnal Green Road, London E2 0AG England",+44 20 7739 4873,g3y_https://epellicci.co.uk/_wPX
Magic Falafel,"Unit 312-313, Camden Market, London NW1 8AH England",+44 7482 646499,J5U_http://magicfalafel.co.uk_XB8
215 Hackney,"215 Stoke Newington High Street, London N16 0LH England",+44 20 7254 5199,cos_http://www.215hackney.co.uk_6Rc
Tonis Amalfi,"123 Queenstown Road, London SW8 3RH England",+44 20 3583 4830,f70_http://www.tonisamalfi.co.uk_Inw
The Monsoon,"78 Brick Lane, London E1 6RL England",+44 20 7375 1345,tuo_http://www.themonsoonatbricklane.co.uk_MoV
Goddard & Gibbs,"100 Shoreditch High Street, London E1 6HU England",+442076139802,1dA_https://www.goddardandgibbs.com/_BsJ
Sitara,"784 Holloway Road Archway, London N19 3JH England",+44 20 7281 0648,zU2_http://www.sitaralondon.com_r55
Oi Vita Pizzeria,"67 Newington Green Road, London N1 4QU England",+44 20 3302 8700,ZGD_http://oivita.london/_yTo
The Drift,"110 Bishopsgate Salesforce Tower, London EC2N 4AY England",+44 20 3004 4969,QJ5_http://drakeandmorgan.co.uk/the-drift_MHp
Anjanaas,"57-59 Willesden Lane Kilburn, London NW6 7RL England",+44 20 7624 1713,jxB_http://www.anjanaas.com_Ojc
Magenta,"23 Euston Road, London NW1 2SD England",+44 20 3146 0222,pCK_http://www.magentarestaurant.co.uk_4DL
STK Steakhouse London - Westminster,"30 John Islip St Westminster 30, London SW1P 4DD England",+44 20 7233 7575,SSX_http://stksteakhouse.com/venues/westminster/_VQn
28-50 Wine Workshop & Kitchen South Kensington,"96 Draycott Avenue South Kensington, London SW3 3AD England",+44 20 7499 1076,XJo_http://2850southken.co.uk_3Ao
Bury Court,"The Baltic Exchange 38 St. Mary Axe, London EC3A 8EX England",+44 20 7929 6660,Jbc_https://www.facebook.com/BuryCourt.London/_Jk1
Sushi Tetsu,"12 Jerusalem Passage, London EC1V 4JP England",+44 20 3217 0090,C8C_https://www.facebook.com/sushitetsulondon/_NAG
Lentil,"185 South Ealing Road, London W5 4RH England",+44 20 8560 5900,xLI_https://www.facebook.com/pages/Lentil/1074685759224724?sk=timeline_BMz
Radicals and Victuallers,"59 Upper Street, London N1 0NY England",+44 20 7704 7691,mT2_http://www.radicalsandvictuallers.co.uk/_SnI
Light of India,"67-69 Gloucester Road South Kensington, London SW7 4PG England",+44 20 7584 7654,W5e_http://www.lightofindia.co.uk/_9tO
Mildreds Camden,"9 Jamestown Road, London NW1 7BW England",+44 20 7482 4200,pBw_http://www.mildreds.co.uk_oJ5
Osteria Napoletana,"186 Kensington Park Road, London W11 2ES England",+44 20 7221 0154,Yls_http://osterianapoletana.co.uk_sPp
Llerena. Ibérico Tapas Bar,"167 Upper Street, London N1 1US England",+44 20 7704 9977,xOQ_http://www.llerena.co.uk/_mcS
KataKata,"132 Brixton Hill, London SW2 1RS England",+44 7534 329883,S99_http://www.katakatabrixton.com_qNZ
Nepal Authentic Dining,"121 Uxbridge Road, London W12 8NL England",+44 20 8740 7551,oSw_http://NepalRestaurant.co.uk_PL2
Hot Stone Fitzrovia,"3 Windmill Street, London W1T 2HY England",+44 20 7419 0305,vtZ_http://hotstonelondon.com/fitzrovia/_Xgi
Leicester Square Kitchen,"31-36 Leicester Square, London WC2H 7LH England",+44 20 7666 0902,Vga_https://www.thekitchensrestaurants.co.uk/leicester-square-kitchen?utm_source=Yext&utm_medium=Organic_ekx
Cafe Van Gogh,"88 Brixton Road Christ church, London SW9 6BE England",+44 20 3903 9232,dPk_http://Www.cafevangogh.co.uk_0lx
taNgia,"108 Mitcham Road Tooting Broadway, London SW17 9NG England",+44 20 3774 0779,dQg_http://www.tangia.co.uk_DZz
Wassouf Lounge,"4-5 North End Parade West Kensington, London W14 0SJ England",+44 20 7348 3697,t1y_http://www.wassouflounge.com_So9
Blacklock Soho,"24 Great Windmill Street Soho, London W1D 7LG England",+44 20 3441 6996,Wbh_http://theblacklock.com_JX1
Rai,"3 Windmill Street, London W1T 2HY England",+44 20 7419 0305,Mw1_http://rairestaurant.com/_cJQ
,,,
Rock Star Sushi Bar,"Merton Abbey Mills - Watermill Way Unit 5, The Long Shop, London SW19 2RD England",+44 7473 100008,nDX_http://www.rockstarsushibar.com_1wo
Monkey Temple,"92 Askew Road, London W12 9BL England",+44 20 8743 4597,rH4_http://monkeytempleonline.co.uk/_Alw
Chez Antoinette Victoria,"22 Palmer Street Off Victoria Street and close to St James Park Station, London SW1H 0PH England",+44 20 3990 5377,mYb_http://www.chezantoinette.co.uk/_FI3
Fine Foods,"218 Long Lane, London SE1 4QB England",+44 20 7403 7513,iY8_http://www.finefoodse1.co.uk/_Dvg
Bustronome,"Coach Bay 40B, Victoria Embankment, London WC2N 6PB England",+44 20 3744 5554,NiO_https://www.bustronome.com/en/_zLy
STK Steakhouse Strand,"336-337 Strand ME London Hotel, London WC2R 1HA England",+44 20 3137 2520,FOs_https://stksteakhouse.com/venues/london-strand/_Nmr
The Drift,"110 Bishopsgate Salesforce Tower, London EC2N 4AY England",+44 20 3004 4969,FX4_http://drakeandmorgan.co.uk/the-drift_tBw
KataKata,"132 Brixton Hill, London SW2 1RS England",+44 7534 329883,9cj_http://www.katakatabrixton.com_MIp
Tattu London,"The Now Building Rooftop, Outernet, Denmark Place, London WC2H 0LA England",+44 20 3778 1985,Yic_http://www.tattulondon.com_0Tx
Shahi Pakwaan,"25 Aylmer Parade, Aylmer Road,East Finchely, London N2 0PE England",+44 20 8341 1111,smn_http://shahipakwaan.co.uk_6dX
Frog By Adam Handling,"34-38 Southampton Street Covent Garden, London WC2E 7HG England",+44 20 7199 8370,KoA_http://www.frogbyadamhandling.com/_7zE
Maharaja of India,"19A Charing Cross Road, London WC2H 0ET England",+44 7427 316019,Q9Z_http://www.maharaja-of-india.co.uk_TAr
Anokhi Indian Fine Dining Restaurant,"757 Green Lanes Winchmore Hill, London N21 3SA England",+44 20 8360 4144,jLp_https://www.anokhi-restaurant.co.uk_FG9
Home SW15,"146 Upper Richmond Road, London SW15 2SW England",+44 20 8780 0592,0dq_http://homeSW15.com_R17
Treves & Hyde,"15/17 Leman Street Aldgate, London E1 8EN England",+44 20 3621 8900,BDq_https://www.facebook.com/TrevesandHyde/_jt0
Iran Restaurant,"27 Shepherd Market Mayfair, London W1J 7PR England",+44 20 7409 3337,VeX_http://www.iranrestaurant.co.uk_LKo
Cirrik 19 Numara Bos,"34 Stoke Newington Road, London N16 7XJ England",+44 20 7249 0400,T8B_http://www.cirrik.co.uk_21K
Bustronome,"Coach Bay 40B, Victoria Embankment, London WC2N 6PB England",+44 20 3744 5554,SVQ_https://www.bustronome.com/en/_XpQ
JW Steakhouse,"Grosvenor House 86-90 Park Lane JW Marriott Grosvenor House, London W1K 7TN England",+44 20 7399 8460,7Qs_http://www.jwsteakhouse.co.uk/_oF4
Awesome Thai #Barnes,"68 Church Road Barnes, London SW13 0DQ England",+44 20 8563 7027,hhS_http://www.awesomethai.co.uk_5MX
Trattoria Raffaele,"94 Sydenham Road, London SE26 5JX England",+44 20 8778 6262,P8A_http://trattoriaraffaele.com/_tjZ
Ormer Mayfair,"7-12 Half Moon Street Flemings Mayfair Hotel, London W1J 7BH England",+44 20 7016 5601,qw9_http://www.flemings-mayfair.co.uk/fine-dining-london/ormer-mayfair-restaurant_SvM
Hard Rock Cafe Piccadilly Circus,"225-229 Piccadilly Criterion Building, London W1J 9HR England",+44 20 7287 4600,rg3_https://www.hardrockcafe.com/location/piccadilly-circus/#utm_source=rest_of_network&utm_medium=Yext&utm_campaign=Listings_0x2
Angus Steakhouse Leicester Square,"20 Cranbourn Street Leicester Square, London WC2H 7AD England",+44 20 7836 3782,h2k_http://angussteakhouse.co.uk/#our-restaurants_jA3
Filika Restaurant,"62 High Street Wanstead Wanstead, London E11 2RJ England",+44 20 8530 1333,g7v_http://www.filikarestaurant.co.uk_yp9
Hazara,"44 Belsize Lane, London NW3 5AR England",+44 20 7433 1147,r09_http://hazara.co.uk_Yuq
Caminata,"96 Bedford Hill Balham, London SW12 9HR England",+44 20 8772 0701,mlt_http://www.caminata.co.uk_rUf
EaTurkish,"172 Woolwich Road, London SE7 7RA England",+44 20 8465 5522,t7L_http://www.eaturkish.co.uk/_JfU
The Five Fields,"8-9 Blacklands Terrace, London SW3 2SP England",+44 20 7838 1082,H4r_http://www.fivefieldsrestaurant.com/_qEl
Avanti Chiswick,"4 Bedford Corner South Parade, London W4 1LD England",+44 20 8994 9444,DrZ_http://avantichiswick.com/_OEc
Humble Grape Battersea,"2 Battersea Rise, London SW11 1ED England",+44 20 3620 2202,Kum_http://www.humblegrape.co.uk/wine-bar/battersea/_v9i
Memories of India Kensington,"18 Gloucester Road Kensington, London SW7 4RB England",+44 20 7589 6450,QzE_http://www.memoriesofindia.com_Gue
mallow,"1 Cathedral Street Borough Market, London SE1 9DE England",+44 20 7846 8785,xBK_http://www.mallowlondon.com/_GUR
Chojo,"16 Garway Road, London W2 4NH England",+44 20 3286 8286,usd_http://www.chojo.co.uk_Vq1
Barge East Restaurant,"Whitepost Lane River Lee, Sweetwater Mooring, Hackney Wick, London E9 5EN England",+44 20 3026 2807,R0e_http://www.bargeeast.com_bBz
STK Steakhouse London - Westminster,"30 John Islip St Westminster 30, London SW1P 4DD England",+44 20 7233 7575,JVE_http://stksteakhouse.com/venues/westminster/_Cfz
Palms of Goa,"12 Charlotte Street Opposite to Charlotte Street Hotel, London W1T 2LU England",+44 20 7636 1668,bty_http://www.palmsofgoa.com/_rf0
Fast Break,"113 Old Street, London EC1V 9JR England",+44 20 7253 3655,Dql_https://www.facebook.com/FeastontheBreak/_YfQ
Grato,"9 Kensington Square, London W8 5EP England",+44 20 3371 9338,6zF_http://gratolondon.com_kJP
Morso Abbey Road,"130 Boundary Road, London NW8 0RH England",+44 20 7624 7412,lhT_https://www.morsolondon.co.uk/_I7R
Everest Inn - Blackheath Village,"41 Montpelier Vale Blackheath, Village, London SE3 0TJ England",+44 20 8852 7872,Pr7_http://www.everestinn.co.uk/blackheath/_o7J
Masala,"88 Brick Lane, London E1 6RL England",+44 20 7539 9448,T5z_http://masalabricklane.co.uk/_Kj6
Goddard & Gibbs,"100 Shoreditch High Street, London E1 6HU England",+442076139802,ZTo_https://www.goddardandgibbs.com/_hCw
"The Vincent Rooms Brasserie, Bar & Escoffier Restaurant","76 Vincent Square Westminster Kingsway College, London SW1P 2PD England",+44 20 7802 8391,bgH_http://www.thevincentrooms.co.uk/_cUy
Peninsula Restaurant,"The 2 1 Waterview Drive 2nd Floor, London SE10 0TW England",+44 20 8463 6868,RcM_http://www.peninsula-restaurant.com_CXB
Volare,"167 Bowes Road, London N11 2JA England",+44 20 3105 2662,ihl_http://www.volarelondon.com_qqe
,,,
Smith & Whistle,"The Park Lane 112 Piccadilly, London W1J 7BX England",+44 20 7499 6321,o4b_http://www.smithandwhistle.com_DWr
STK Steakhouse Strand,"336-337 Strand ME London Hotel, London WC2R 1HA England",+44 20 3137 2520,I5p_https://stksteakhouse.com/venues/london-strand/_Z8c
Terra Rossa,"139 Upper Street, London N1 1QP England",+44 20 7226 2244,zvB_http://www.terrarossa-restaurant.co.uk_0HF
CERU,"7-9 Bute Street, London SW7 3EY England",+44 20 3195 3001,SF4_http://www.cerurestaurants.com/_K6Q
The Peasant,"240 St. John Street Clerkenwell, London EC1V 4PH England",+44 20 7336 7726,Tj6_http://www.thepeasant.co.uk/_omg
Wolkite restaurant,"82 Hornsey Road, London N7 7NN England",+44 20 7700 3055,8sf_http://www.wolkiterestaurant.com_vki
Galvin La Chapelle,"35 Spital Square, London E1 6DY England",+44 20 7299 0400,7TX_http://galvinrestaurants.com/restaurant/galvin-la-chapelle-the-city-michelin-star/_XR9
STK Steakhouse London - Westminster,"30 John Islip St Westminster 30, London SW1P 4DD England",+44 20 7233 7575,EFb_http://stksteakhouse.com/venues/westminster/_Hn4
Little Wonder Cafe,"48 Hornsey Road, London N7 7BP England",+44 20 3602 8239,9eZ_https://www.facebook.com/Litwoncafe/_znB
The English Rose Cafe,"4 Lower Grosvenor Place Victoria, London SW1W 0EJ England",+44 20 7976 6280,8Lg_http://www.theenglishrosecafe.co.uk_P2e
The Ledbury,"127 Ledbury Road, London W11 2AQ England",+44 20 7792 9090,wIG_http://www.theledbury.com_0sx
B Bagel Bakery Bar,"236D Fulham Road, London SW10 9NB England",+44 20 7351 2931,li4_http://www.bbagel.co.uk/_xCe
Pentolina,"71 Blythe Road, London W14 0HP England",+44 20 3010 0091,Ehz_http://www.pentolinarestaurant.co.uk_Dim
Angus Steakhouse Oxford Circus,"243 Argyll Street Oxford Circus, London W1D 2LU England",+44 20 7734 5025,su9_http://www.angussteakhouse.co.uk/_m1f
Miller & Carter,"87 Muswell Hill Broadway, London N10 3HA England",+44 20 8883 7382,fO7_http://www.millerandcarter.co.uk/restaurants/london/millerandcartermuswellhill_tTS
Buenos Aires Argentine Steakhouse,"32 Turnham Green Terrace, London W4 1QP England",+44 20 8747 8772,F0y_http://www.barestaurant.com/restaurants/chiswick/_gaI
La Piccola Deli Pasticceria,"270 Kensington High Street, London W8 6ND England",+44 20 7371 6003,roe_https://www.facebook.com/lapiccoladelipasticceria/_y6B
Meraki Grill - CLOSED,"24 Hampden Square, London N14 5JR England",+44 20 8368 8822,Z33_http://www.merakigrill.com/_g5R
Revolution Bar Clapham High Street,"95-97 Clapham High Street, London SW4 7TB England",+44 20 7720 6642,NNO_http://www.revolution-bars.co.uk/bar/london-clapham-high-st/_69f
Avanti Chiswick,"4 Bedford Corner South Parade, London W4 1LD England",+44 20 8994 9444,jOQ_http://avantichiswick.com/_WXm
Bel Canto Restaurant,"67 Bayswater Road Corus Hotel Hyde Park, London W2 3PN England",+44 20 7262 1678,RXy_http://www.belcantolondon.co.uk/_4PD
Da Mario Covent Garden,"63 Endell Street Covent Garden, London WC2H 9AJ England",+44 20 7240 3632,C1v_http://www.da-mario.co.uk_jfK
Hungry Turtle,"1 Walham Green Court, London SW6 2DH England",+44 7889 629291,O4J_http://hungryturtle.co.uk_XO9
Tom Simmons - Tower Bridge,"2 Still Walk, London SE1 2RA England",+44 20 3848 2100,85Q_http://www.tom-simmons.co.uk_OM3
Humble Grape Islington,"11-13 Theberton Street off Upper Street, London N1 0QY England",+44 20 3904 4480,5Bz_http://www.humblegrape.co.uk/wine-bar/islington/_zOI
Oaka at the Mansion House,"48 Kennington Park Road, London SE11 4RS England",+44 20 7582 5599,A4n_http://www.oakalondon.com/_lgX
Chez Elles Bistroquet,"45 Brick Lane, London E1 6PU England",+44 20 7247 9699,Jj9_http://www.chezellesbistroquet.co.uk_ZBI
Bloomsbury Street Kitchen,"9-13 Bloomsbury Street, London WC1B 3QD England",+44 20 7666 2044,kym_https://www.thekitchensrestaurants.co.uk/bloomsbury-street-kitchen?utm_source=Yext&utm_medium=Organic_e3V
Azou,"375 King Street Hammersmith, London W6 9NJ England",+44 20 8563 7266,hYC_http://www.azou.co.uk/_Vkg
Anglo,"30 St. Cross Street, London EC1N 8UH England",+44 20 7430 1503,9cC_http://anglorestaurant.com_os5
Venerdi,"9 Chatsworth Road Clapton, London E5 0LH England",+44 20 8533 1902,hpd_http://www.venerdi.co.uk_jYo
Hot Stone Fitzrovia,"3 Windmill Street, London W1T 2HY England",+44 20 7419 0305,HH0_http://hotstonelondon.com/fitzrovia/_KYm
Steak and Company Leicester Square,"5 Irving Street Leicester Square, London WC2H 0HA England",+44 20 7839 8100,cUA_http://www.steakandcompany.co.uk/_WSr
Anglo,"30 St. Cross Street, London EC1N 8UH England",+44 20 7430 1503,PW5_http://anglorestaurant.com_Weu
Venerdi,"9 Chatsworth Road Clapton, London E5 0LH England",+44 20 8533 1902,9S4_http://www.venerdi.co.uk_xbd
Publiq.,"1 Palace Gate 1 D, London W8 5LS England",+44 20 3417 6768,g2U_http://www.publiq.london/_ZXM
The Great Chase London,"316 St.John Street Clerkenwell, London EC1V 4NT England",+44 20 3887 9768,8IS_http://www.thegreatchase.co.uk/book-a-table_DRa
Sam's Riverside,"1 Crisp Walk, London W6 9DN England",+44 20 8237 1020,s7d_https://samsriverside.co.uk_7hp
STK Steakhouse London - Westminster,"30 John Islip St Westminster 30, London SW1P 4DD England",+44 20 7233 7575,lph_http://stksteakhouse.com/venues/westminster/_kY8
Boro Bistro,"Bank Chambers 6-10 Borough High Street Montague Close, London SE1 9QQ England",+44 20 7378 0788,o6s_http://borobistro.co.uk/_eSk
May Fair Kitchen,"70 Stratton Street The May Fair Hotel, London W1J 8LT England",+44 20 7915 3892,9hr_https://www.thekitchensrestaurants.co.uk/may-fair-kitchen?utm_source=Yext&utm_medium=Organic_J7t
Makars Gourmet Mash Bar,"190 Shaftesbury Avenue, London WC2H 8JL England",+44 131 226 1178,AaI_http://makarsmash.com_kTj
Le Petit Citron,"98-100 Shepherds Bush Road, London W6 7PD England",+44 20 3019 1175,Zo4_http://www.lepetitcitron.co.uk/_xMy
Blacklock Shoreditch,"28-30 Rivington Street, London EC2A 3DZ England",+44 20 7739 2148,C3U_http://theblacklock.com_2ce
Avanti Chiswick,"4 Bedford Corner South Parade, London W4 1LD England",+44 20 8994 9444,NTf_http://avantichiswick.com/_Jsq
Blacklock City,"13 Philpot Lane, London EC3M 8AA England",+44 20 7998 7676,vZ1_http://theblacklock.com/_gY7
Taste of India,"126/130 Drummond Street Euston, London NW1 2PA England",+44 20 7387 0606,jaH_http://www.tasteofindiaEuston.com_G2f
Aprés Food Co.,"72 St. John Street, London EC1M 4DT England",+44 20 7686 8888,XpZ_http://www.apresfood.com/_mbC
Little India,"32 Gloucester Road, London SW7 4RB England",+44 20 7584 3476,yoU_http://www.littleindialondon.com_ZEL
Medlar,"438 Kings Road, London SW10 0LJ England",+44 20 7349 1900,HAQ_http://medlarrestaurant.co.uk/_jHV
Bustronome,"Coach Bay 40B, Victoria Embankment, London WC2N 6PB England",+44 20 3744 5554,7ay_https://www.bustronome.com/en/_e6r
All Bar One Covent Garden,"19 Henrietta Street, London WC2E 8QH England",+44 20 7240 9842,Xm1_http://www.allbarone.co.uk/all-bar-one-henrietta-street/_foI
Turtle Bay - Brixton,"382-384 Brixton Road, London SW9 7AW England",+44 20 7737 2264,IIw_http://www.turtlebay.co.uk/locations/brixton/?utm_source=ExtNet&utm_medium=Yext_Mq8
AW Restaurant,"37 Conduit Street, London W1S 2YF England",+44 20 7629 7755,d0i_http://www.alynwilliams.com_G0j
28-50 Wine Bar & Kitchen Covent Garden,"10 Upper St. Martin's Lane, London WC2H 9FB England",+44 20 7499 1076,64Z_https://2850coventgarden.co.uk/_BCc
Scully St James's,"4 St. James's Market Corner Carlton and St Alban's St, London SW1Y 4AH England",+44 20 3911 6840,fQi_http://www.scullyrestaurant.com_Wfs
Calici,"29 Belsize Lane, London NW3 5AS England",+44 20 7435 9888,e1W_https://www.facebook.com/calicirestaurant/_jWe
Capeesh,"4 Pan Peninsula Square Canary Wharf, London E14 9HN England",+44 20 7538 1111,BWM_http://capeesh.co.uk_jWk
The Blacksmith's Arms,"257 Rotherhithe Street Rotherhithe, London SE16 5EJ England",+44 20 7231 8838,AWe_http://www.theblacksmithsse16.com_tt2
Rudy's Pizza Napoletana - Soho,"80 Wardour Street Soho, London W1F 0TF England",+44 20 3930 0868,2Nm_http://www.rudyspizza.co.uk/soho/_rwR
Pizza Union Holborn,"1 New Oxford Street, London WC1A 1NU England",,EzH_http://pizzaunion.com_6Sm
Purezza Camden,"45-47 Parkway, London NW1 7PN England",+44 20 3884 0078,yPs_http://purezza.co.uk/locations/camden/_iG9
STK Steakhouse Strand,"336-337 Strand ME London Hotel, London WC2R 1HA England",+44 20 3137 2520,9yP_https://stksteakhouse.com/venues/london-strand/_O7f
The Gojk,"275 Old Brompton Road Earls Court, London SW5 9JA England",+44 20 7835 2167,szL_http://thegojk.co.uk/_10t
City Spice,"138 Brick Lane, London E1 6RU England",+44 20 7247 1012,yca_http://www.city-spice.london_FQa
Dhaba@49,"49 Chippenham Road Maida vale, London W9 2AH England",+44 20 3489 2424,4Gl_http://www.dhaba49.com_4Hi
Revolution Putney,"202 Upper Richmond Road, London SW15 6TD England",+44 20 3957 7129,lyM_http://www.revolution-bars.co.uk/bar/putney/_a6v
Augustine Kitchen,"63 Battersea Bridge Road, London SW11 3AU England",+44 20 7978 7085,qsB_http://www.augustine-kitchen.co.uk_zuV
Brasserie Lutetia,"68 Regent Street At Hotel Café Royal, London W1B 4DY England",+44 20 4571 6745,F96_http://www.hotelcaferoyal.com/brasserie-lutetia-at-cafe-royal_XqQ
Steak and Company - Piccadilly Circus,"24 Haymarket Piccadilly Circus, London SW1Y 4DG England",+44 20 7930 8544,r7V_http://www.steakandcompany.co.uk_N8j
Steak And Lobster Warren Street,"6-7 Warren Street Radisson Blu Edwardian Grafton Hotel, London W1T 5LB England",+44 20 7666 5430,Zcv_https://www.steakandlobster.com/?utm_source=Yext&utm_medium=Organic_mt2
Bella Italia,"70 St. Martin's Lane, London WC2N 4JS England",+44 20 3004 4421,Jdl_https://www.bellaitalia.co.uk/italian-restaurant/london/st-martins-lane_fVf
Salut!,"412 Essex Road, London N1 3PJ England",+44 20 3441 8808,HG9_http://salut-london.co.uk/_2dK
"Monmouth Kitchen, Covent Garden","Covent Garden 20 Mercer Street Restaurant Entrance On Monmouth St, London WC2H 9HD England",+44 20 7845 8607,JEX_https://www.thekitchensrestaurants.co.uk/monmouth-kitchen?utm_source=Yext&utm_medium=Organic_mc9
New London Cafe,"216 St. Pauls Road, London N1 2LL England",+44 20 7354 7321,fli_https://www.facebook.com/Newlondoncafee/_c6u
Junsei,"132 Seymour Place Marleybone, London W1H 1NS England",+44 20 7723 4058,odG_http://www.junsei.co.uk_K1C
Luna Nuova,"773 Fulham Road, London SW6 5HA England",+44 20 7371 9774,pPJ_http://www.lunanuova.co.uk_x5D
Makars Gourmet Mash Bar,"190 Shaftesbury Avenue, London WC2H 8JL England",+44 131 226 1178,E4t_http://makarsmash.com_Pgm
El Inca Plebeyo,"162 Essex Road, London N1 8LY England",+44 20 7704 9393,WX0_http://www.elincaplebeyo.co.uk_R7B
Sunday Champagne Brunch at The Landmark London,"222 Marylebone Road The Landmark London, London NW1 6JQ England",+44 20 7631 8188,7oB_http://www.landmarklondon.co.uk/en/marylebone-bar-restaurant/sunday-champagne-brunch_Ckk
L'oro di Napoli,"6 The Quadrant Little Ealing Lane, London W5 4EE England",+44 20 3632 5580,y5S_http://www.lorodinapoli.co.uk/_CJs
Avanti Chiswick,"4 Bedford Corner South Parade, London W4 1LD England",+44 20 8994 9444,mmd_http://avantichiswick.com/_Ly1
Ciullosteria,"31 Balham High Road, London SW12 9AL England",+44 20 8675 3072,cEx_http://www.ciullosteria.com/_gli
Trinity Restaurant,"4 The Polygon, London SW4 0JG England",+44 20 7622 1199,V4l_http://www.trinityrestaurant.co.uk/_3XI
Kazan Restaurant,"93-94 Wilton Road Victoria, London SW1V 1DW England",+44 20 7233 7100,10h_http://www.kazan-restaurant.com/_Mbg
Alexandrie Restaurant,"38C Kensington Church Street, London W8 4BX England",+44 20 7937 2244,HqV_http://www.alexandrie.co.uk_FPy
Wiltons,"55 Jermyn Street St James, London SW1Y 6LX England",+44 20 7629 9955,etD_http://www.wiltons.co.uk/home_txU
Angus Steakhouse Bond St,"10 Woodstock St, Mayfair, London W1C 2AD England",+44 20 7629 4175,dPv_http://www.angussteakhouse.co.uk/?fbclid=IwAR0K-7tnGGxApn8aF4SeNdRhdv7Nss-bRA1UsSuZy7NR2ovQKTjon2hRLjk#our-restaurants_x66
Midpoint Restaurant,"3 Anchor Iron Wharf, London SE10 9GL England",+44 20 8293 0377,7nh_http://www.midpointrestaurant.co.uk_GMv
Bella Italia,"108/110 Queensway, London W2 3RR England",+44 20 3004 5959,l9j_https://www.bellaitalia.co.uk/italian-restaurant/london/queensway-108_NDU
Muse,"38 Groom Place Belgravia, London SW1X 7BA England",+44 20 3301 2903,2M6_http://www.musebytomaikens.co.uk_7g4
Sergio's,"84A Great Titchfield Street Fitzrovia, London W1W 7QY England",+44 20 7436 7301,pWB_http://www.sergiosW1.co.uk_u1x
Elvet Steakhouse,"392 Romford Road Forest Gate, London E7 8DF England",+44 20 3601 9692,Mms_http://elvetsteakhouse.co.uk/_9hC
Oaka at the Mansion House,"48 Kennington Park Road, London SE11 4RS England",+44 20 7582 5599,Hy5_http://www.oakalondon.com/_LhO
Humble Grape,"1 St. Brides Passage, London EC4Y 8EJ England",+44 20 7583 0688,TX0_http://www.humblegrape.co.uk/wine-bar/fleet-street/_Cv5
Baileys Fish and Chips,"115 Dawes Rd, London SW6 7DU England",+44 20 7385 2021,
Cappadocia,"293 Gray's Inn Road Holborn, Kings Cross, London WC1X 8QF England",+44 20 7833 2001,yli_http://www.cappadociacafelondon.com/_UwY
Salento,"3 Clove Crescent, London E14 2BB England",+44 20 7537 2373,Rkj_http://www.salentolondon.co.uk/_m2q
Kona,"51 Buckingham Gate, London SW1E 6AF England",+44 20 7769 7766,qCC_http://www.taj51buckinghamgate.co.uk/Fine-dining/Afternoon-tea/_Izj
Steak And Company Gloucester Road,"152 Gloucester Road Kensington, London SW7 4DT England",+44 20 7373 2010,w2r_http://www.steakandcompany.co.uk_Vrd
Lanes of London,"140 Park Lane, London W1K 7AA England",+44 20 7647 5664,z8N_https://www.lanesoflondon.co.uk/_aix
Rossella,"103 Highgate Road Kentish Town, London NW5 1TR England",+44 20 7267 9797,wDd_http://www.rossella.co.uk_U0q
Goodman Mayfair,"24-26 Maddox Street, London W1S 1QH England",+44 20 7499 3776,zYj_http://www.goodmanrestaurants.com/location/mayfair_00x
Dalloway Terrace,"16-22 Great Russell Street, London WC1B 3NN England",+442073471221,gOe_https://dallowayterrace.com/_fY6
Chez Bruce,"2 Bellevue Road Wandsworth Common, London SW17 7EG England",+44 20 8672 0114,oU2_http://www.chezbruce.co.uk/_0ja
Brasserie Lutetia,"68 Regent Street At Hotel Café Royal, London W1B 4DY England",+44 20 4571 6745,4ob_http://www.hotelcaferoyal.com/brasserie-lutetia-at-cafe-royal_jAH
Bustronome,"Coach Bay 40B, Victoria Embankment, London WC2N 6PB England",+44 20 3744 5554,t4n_https://www.bustronome.com/en/_hYE
Pizza Sophia,"50 Tavistock Place, London WC1H 9RG England",+44 20 7833 8556,DPY_http://pizzasophia.com/_Fco
Ishtar,"10-12 Crawford Street, London W1U 6AZ England",+44 20 7224 2446,yPK_http://www.ishtarrestaurant.com_L25
Kibele Restaurant & Bar,"175-177 Great Portland Street, London W1W 5PJ England",+44 20 7436 0600,Pvw_http://kibele.co.uk/_S6I
Lorne Restaurant,"76 Wilton Road, London SW1V 1DE England",+44 20 3327 0210,wWa_http://www.lornerestaurant.co.uk_xhP
Il Portico,"277 Kensington High Street, London W8 6NA England",+44 20 7602 6262,Qjf_http://www.famigliaportico.co.uk/_pbT
Calici,"29 Belsize Lane, London NW3 5AS England",+44 20 7435 9888,ISj_https://www.facebook.com/calicirestaurant/_OJY
Gloria,"54-56 Great Eastern Street, London EC2A 3QR England",+44 7903 540051,xtJ_http://bigmammagroup.com/en/trattorias/gloria_MaH
Angus Steakhouse Leicester Square,"20 Cranbourn Street Leicester Square, London WC2H 7AD England",+44 20 7836 3782,1KO_http://angussteakhouse.co.uk/#our-restaurants_ixE
My Place Soho,"21 Berwick Street Soho, London W1F 0PZ England",+44 20 3417 2829,Odm_http://myplacesoho.com/_Sfk
La Trompette,"3-7 Devonshire Road, London W4 2EU England",+44 20 8747 1836,rfZ_http://www.latrompette.co.uk/_DO5
Dulce Cafe,"86 Whitechapel High Street, London E1 7QX England",+44 20 7375 1636,aDG_http://www.dulcecoffeeandkitchen.com/_PDq
Goddard & Gibbs,"100 Shoreditch High Street, London E1 6HU England",+442076139802,eYy_https://www.goddardandgibbs.com/_ngN
Zala grill,"Camden Lock Place Unit 39, London NW1 8AL England",+44 20 3005 7453,zxF_http://zalagrill.com_MT9
Town House,"109-113 Queen's Gate The Kensington Hotel, South Kensington, London SW7 5LP England",+442075896300,VWQ_https://townhousekensington.com/_j88
Maurizio Barca,"102 North End Road, London W14 9EX England",+44 20 7460 6231,7eR_http://www.mauriziobarca.co.uk_dbU
Kahani,"1 Wilbraham Place, London SW1X 9AE England",+44 20 7730 7634,rqh_http://www.kahanilondon.com_4ta
The Victoria,"10A Strathearn Place Paddington, London W2 2NH England",+44 20 7724 1191,wSG_https://www.victoriapaddington.co.uk_giC
Sheba,"136 Brick Lane, London E1 6RU England",+44 20 7247 7824,SqA_http://shebabricklane.com_hhh
Fish Central,"149-151 Central St, London EC1V 8AP England",+44 20 7253 0229,RFb_http://www.fishcentral.co.uk/_0ga
Seven Park Place By William Drabble,"7-8 Park Place St James's Hotel And Club, London SW1A 1LS England",+44 20 7316 1621,9mt_http://www.stjameshotelandclub.com/restaurants-bar/seven-park-place_iGP
The Petite Coree,"98 West End Lane, London NW6 2LU England",+44 20 7624 9209,Xjg_http://www.thepetitecoree.com_OGD
Senzala Creperie,"Coldharbour Lane 41-42 Brixton Village Market, London SW9 8PR England",+44 20 7274 2211,Qzx_http://www.senzalacreperie.co.uk_T3G
The Famous Curry Bazaar,"77 Brick Lane, London E1 6QL England",+44 20 7375 1986,GlC_http://www.thefamouscurrybazaar.co.uk_FrI
Angus Steakhouse Oxford Circus,"243 Argyll Street Oxford Circus, London W1D 2LU England",+44 20 7734 5025,xpT_http://www.angussteakhouse.co.uk/_WiD
Jolie Chelsea,"459 Kings Road Chelsea Funhouse, London SW10 0LR England",+44 20 8076 9846,qht_http://www.joliechelsea.com/_6tu
Arro Coffee - Bayswater,"77 Bishops Bridge Road Notting Hill, London W2 6BG England",+44 20 7221 4600,xvw_http://www.arrocoffee.com/contactus_QQz
Kings Stores,"14 Widegate Street Spitalfields, London E1 7HP England",+44 20 7247 4089,6YF_http://www.kingsstores.co.uk/_MEa
Pera Restaurant islington,"170 Upper Street Islington, London N1 1RG England",+44 20 7704 6888,tZh_http://www.perarestaurant.co.uk/_bj4
Steak and Company Covent Garden,"4-6 Garrick Street Covent Garden, London WC2E 9BH England",+44 20 7379 0412,HVF_http://www.steakandcompany.co.uk_Oe5
Steak and Company - Piccadilly Circus,"24 Haymarket Piccadilly Circus, London SW1Y 4DG England",+44 20 7930 8544,ikR_http://www.steakandcompany.co.uk_WVu
Beck's cafe,"28 Red Lion Street, London WC1R 4PS England",+44 20 7405 8565,cDW_http://www.facebook.com/Becks-Cafe-113806445361130/_Esy
Coda Restaurant by Eric Chavot,"Kensington Gore Royal Albert Hall, London SW7 2AP England",+44 20 7589 8212,YLs_http://www.royalalberthall.com/plan-your-visit-essential-safety-information/food-and-drink/food/coda-restaurant-by-eric-chavot_V1L
Brewhouse & Kitchen - Highbury,"2A Corsica Street, London N5 1JJ England",+44 20 7226 1026,3et_http://www.brewhouseandkitchen.com/highbury_yGT
Lord Wargrave,"40-42 Brendon Street, London W1H 5HE England",+44 20 7723 0559,zdo_http://www.lordwargrave.com/_QN2
Wulf & Lamb - Chelsea,"243 Pavilion Road Chelsea, London SW1X 0BP England",+44 20 3948 5999,CyE_http://www.wulfandlamb.com_frq
Masala,"88 Brick Lane, London E1 6RL England",+44 20 7539 9448,R6v_http://masalabricklane.co.uk/_nmg
Tajmahal Kingscross,"339 Grays Inn Road, London Wc1x 8px England",+44 20 7837 6370,67h_http://www.tajmahalkingcross.co.uk_2Hc
Bella Vita,"53-57 Broadway Market, London E8 4PH England",+44 20 7249 4772,y7B_http://www.bellavitabroadway.com/_yBI
The Bar at The Dorchester,"53 Park Lane The Dorchester, London W1K 1QA England",+44 20 7629 8888,XhQ_http://www.dorchestercollection.com/en/london/the-dorchester/restaurants-bars/the-bar/_s06
Panas Gurkha Restaurant,"318 Lee High Road Lewisham, London SE13 5PJ England",+44 20 8852 9891,tyn_http://www.thepanas.co.uk/_Yde
Tarshish,"16-20 High Road, London N22 6BX England",+44 20 8881 6479,3Uk_http://www.tarshish.co.uk/_Zs1
Pizza Pilgrims Camden,"40-42 Parkway Camden Town, London NW1 7AH England",+44 20 8167 8366,z6N_http://pizzapilgrims.co.uk_eUi
Steak and Company - Piccadilly Circus,"24 Haymarket Piccadilly Circus, London SW1Y 4DG England",+44 20 7930 8544,Zyl_http://www.steakandcompany.co.uk_CIm
Randall & Aubin,"16 Brewer Street, London W1F 0SQ England",+44 20 7287 4447,Fel_http://www.randallandaubin.com_L2O
Mountain View Restaurant Greenwich,"160 Trafalgar Road, London SE10 9TZ England",+44 20 8858 0227,puf_http://www.mountainviewgreenwich.co.uk_FxG
Pizzetta Pizza,"22 Bute Street, London SW7 3EX England",+44 20 7584 9090,qEH_http://www.pizzettapizza.com_FRC
Sapori Cafe' and Restaurant,"60 Horseferry Road, London SW1P 2AF England",+44 20 7222 5488,
Constancia,"52 Tanner Street, London SE1 3PH England",+44 20 7234 0676,GTy_http://www.constancia.co.uk/_omS
Steak And Company Gloucester Road,"152 Gloucester Road Kensington, London SW7 4DT England",+44 20 7373 2010,ltz_http://www.steakandcompany.co.uk_2JL
Otto's,"182 Gray's Inn Road, London WC1X 8EW England",+44 20 7713 0107,WSI_http://ottos-restaurant.com_CXD
Passyunk Avenue,"80 Cleveland Street, London W1T 6NE England",+44 20 3960 2251,lI5_http://www.passyunk.co.uk_cwy
Cibo,"3 Russell Gardens, London W14 8EZ England",+44 20 7371 2085,1vv_http://www.ciborestaurant.net/home.html_Mt3
Union Tavern,"52 Lloyd Baker Street, London WC1X 9AA England",+44 20 7278 0111,jCB_http://www.uniontavernlondon.uk_DFB
Flora Indica,"242 Old Brompton Road Earl's Court, London SW5 0DE England",+44 20 7370 4450,SOT_http://www.flora-indica.com_s4P
Brasserie Lutetia,"68 Regent Street At Hotel Café Royal, London W1B 4DY England",+44 20 4571 6745,svb_http://www.hotelcaferoyal.com/brasserie-lutetia-at-cafe-royal_IOY
Light of India,"67-69 Gloucester Road South Kensington, London SW7 4PG England",+44 20 7584 7654,Tqu_http://www.lightofindia.co.uk/_qcl
Terry's Cafe London,"158 Great Suffolk Street, London SE1 1PE England",+44 20 7407 9358,FCj_http://www.terryscafe.co.uk_OSL
Pure Indian Cooking,"67 Fulham High Street, London SW6 3JJ England",+44 20 7736 2521,ceW_http://www.pureindiancooking.com/_dhn
Nipa Thai Restaurant,"Lancaster Terrace 1st Flr, Royal Lancaster London Hotel, London W2 2TY England",+44 20 7551 6039,oyr_http://www.niparestaurant.co.uk/_MBE
The Pride of Spitalfields,"3 Heneage Street, London E1 5LJ England",+44 20 7247 8933,FFZ_http://www.facebook.com/pages/The-Pride-of-Spitalfields/162316590448342_WTp
Bustronome,"Coach Bay 40B, Victoria Embankment, London WC2N 6PB England",+44 20 3744 5554,u9e_https://www.bustronome.com/en/_vgd
The Bull Steak Expert,"54 Red Lion Street, London WC1R 4PD England",+44 20 7242 0708,Wqc_http://5f64e3a26baf5.site123.me/_V4F
Bon Gusto,"75-77 Buckingham Gate, London SW1E 6PD England",+44 20 7222 7185,UE6_http://bongustorestaurant.com/_Odi
Dishoom Carnaby,"22 Kingly Street, London W1B 5QP England",+44 20 7420 9322,G1F_https://www.dishoom.com/carnaby?utm_source=extendednetwork&utm_medium=organic&utm_campaign=Yext&utm_content=D4-Carnaby&y_source=1_MjMwNDkyMDUtNzY5LWxvY2F0aW9uLndlYnNpdGU%3D_tyg
The Swan,"7 Cosmo Place, London WC1N 3AP England",+44 20 7837 6223,AKW_https://www.facebook.com/Swan.Holborn_DZ4
About Thyme Restaurant,"82 Wilton Road, London SW1V 1DL England",+44 20 7821 7504,PYp_http://www.aboutthyme.co.uk/_se8
Angus Steakhouse Oxford Circus,"243 Argyll Street Oxford Circus, London W1D 2LU England",+44 20 7734 5025,DAJ_http://www.angussteakhouse.co.uk/_tPN
Artist Residence,"52 Cambridge Street, London SW1V 4QQ England",+44 20 3019 8610,xOj_http://www.artistresidence.co.uk/london/clubhouse/_s6A
Locale,"3B Belvedere Road County Hall, South Bank, London SE1 7GP England",+44 20 7401 6734,QZM_http://www.localesouthbank.com_t7E
Casa Tua Camden,"176 Royal College Street, London NW1 0SP England",+44 20 8127 0460,Mj9_http://www.casatualondon.com_Ot6
Bella Italia,"55-57 Queensway, London W2 4QH England",+44 20 3004 4944,hGN_https://www.bellaitalia.co.uk/italian-restaurant/london/queensway-55_bEo
Govinda's Vegan & Vegetarian Restaurant,"9-10 Soho Street The restaurant is in biwin Oxford street and soho square., London W1D 3DL England",+44 20 3687 0617,P4Y_http://govindas.london/_8rM
Goddard & Gibbs,"100 Shoreditch High Street, London E1 6HU England",+442076139802,sGT_https://www.goddardandgibbs.com/_hqP
Maharaja of India,"19A Charing Cross Road, London WC2H 0ET England",+44 7427 316019,uvB_http://www.maharaja-of-india.co.uk_CEm
Blighty Cafe (Finsbury Park),"35-37 Blackstock Road, London N4 2JF England",+44 7974 979340,vD8_http://www.blightycafe.co.uk_n25
Pane Cunzato - Pizza & more,"49 Museum Street, London WC1A 1LY England",+44 20 3581 1747,bKD_http://panecunzato.com/menu-2/_UHh
Tea Darling Refreshingly Vintage,"114 Churchfield Road Acton, London W3 6BY England",+44 7825 559180,d2W_http://www.teadarling.co.uk_KR6
Flat Iron London Bridge,"112-116 Tooley Street, London SE1 2TH England",,lTF_http://www.flatironsteak.co.uk_3sQ
Bravi Ragazzi Pizza,"2A Sunnyhill Road, London SW16 2UH England",+44 20 8769 4966,9US_https://www.facebook.com/BraviRagazziPizzeria/_lWh
Steak And Company Gloucester Road,"152 Gloucester Road Kensington, London SW7 4DT England",+44 20 7373 2010,QvV_http://www.steakandcompany.co.uk_rO9
The George on the Strand,"213 Strand Temple, London WC2R 1AP England",+44 20 7353 9638,2GK_http://www.georgeinthestrand.com_FYl
The Rosebery,"66 Knightsbridge, London SW1X 7LA England",+44 20 7201 3828,kKr_https://www.mandarinoriental.com/london/hyde-park/fine-dining/tea-rooms/the-rosebery?htl=MOLON&kw=MOLON_rosebery&eng=yext&src=local_Idu
The Oystermen Seafood Bar & Kitchen,"32 Henrietta Street Covent Garden, London WC2E 8NA England",+44 20 7240 4417,qS6_http://www.oystermen.co.uk_lpB
"Plate Restaurant, Bar and Bake","151-157 City Road, Shoreditch, London EC1V 1JH England",+44 20 3837 3102,6eB_http://www.platelondon.com_tS7
Smith's,"22 Wapping High Street, London E1W 1NJ England",+44 20 7488 3456,keI_http://smithsrestaurants.com/_uSg
Oaka at the Mansion House,"48 Kennington Park Road, London SE11 4RS England",+44 20 7582 5599,Zwe_http://www.oakalondon.com/_DbA
Niche Gluten-free Dining,"197-199 Rosebery Avenue 5 mins from Angel Tube Station, London EC1R 4TJ England",+44 20 7837 5048,Num_http://www.nichefoodanddrink.com/_2kZ
Gaucho Tower Bridge,"Riverside 2 More London Place Tower Bridge, London SE1 2DA England",+44 20 7407 5222,F5r_http://www.gauchorestaurants.com/restaurants/tower-bridge/_Mmj
Clarette,"44 Blandford Street, London W1U 7HS England",+44 20 3019 7750,arU_https://www.facebook.com/ClaretteLondon/_wvF
Crust Bros,"113 Waterloo Road, London SE1 8UL England",+44 20 3034 3424,NtJ_http://www.crustbros.co.uk_7cf
The Andover Arms,"57 Aldensley Road Hammersmith, London W6 0DL England",+44 20 8748 2155,m1a_http://www.theandoverarms.com_oxu
Rai,"3 Windmill Street, London W1T 2HY England",+44 20 7419 0305,Q5g_http://rairestaurant.com/_6Mk
East Street - Fitzrovia,"3-5 Rathbone Place, London W1T 1HJ England",+44 20 7323 0860,o9z_http://www.eaststreetrestaurant.com/_nXO
The Little Taperia,"143 Tooting High Street, London SW17 0SY England",+44 20 8682 3303,a5Z_http://www.thelittletaperia.co.uk_LlB
Cafe Phillies,"2A Phillimore Gardens, London W8 7QB England",+44 20 7938 1890,5hr_http://www.cafephillies.co.uk/_Xxj
Cookhouse Joe,"55 Berwick Street, London W1F 8SP England",+44 7970 555355,mvo_http://cookhousejoe.com/_lmD
Efes Meze,"170 Trafalgar Road, London SE10 9TZ England",+44 20 8293 0626,50O_http://www.efesmeze.com/_iJR
STK Steakhouse Strand,"336-337 Strand ME London Hotel, London WC2R 1HA England",+44 20 3137 2520,7JQ_https://stksteakhouse.com/venues/london-strand/_ssM
The Four Lanterns,"96 Cleveland Street Regent Park, London W1T 6NP England",+44 20 7383 5656,c4z_http://www.the4lanterns.com/_KoS
Dishoom Covent Garden,"12 Upper St. Martin's Lane Covent Garden, London WC2H 9FB England",+44 20 7420 9320,6BX_https://www.dishoom.com/covent-garden/?utm_source=extendednetwork&utm_medium=organic&utm_campaign=Yext&utm_content=D1-CoventGarden&y_source=1_MjMwNDkyMDMtNzY5LWxvY2F0aW9uLndlYnNpdGU%3D_vTn
Mestizo,"103 Hampstead Road, London NW1 3EL England",+44 20 7387 4064,kgL_http://www.mestizomx.com/_59y
Roux At The Landau,"1C Portland Place, London W1B 1JA England",+44 20 7965 0165,5zn_http://www.rouxatthelandau.com_vA3
Hard Rock Cafe Oxford Street,"Oxford Street Great Cumberland Place, Marble Arch, London W1H 7DL England",+44 20 7479 5078,wBL_https://www.hardrockcafe.com/location/oxford/#utm_source=rest_of_network&utm_medium=Yext&utm_campaign=Listings_Qkj
Bustronome,"Coach Bay 40B, Victoria Embankment, London WC2N 6PB England",+44 20 3744 5554,KQI_https://www.bustronome.com/en/_T7U
The Williams Ale & Cider House,"22-24 Artillery Lane, London E1 7LS England",+44 20 7247 5163,Vs2_http://www.williamsspitalfields.com/_Jzd
Nonna Selena Pizzeria,"18 Woburn Place, London WC1H 0LN England",+44 20 7837 4748,ipK_http://www.instagram.com/nonnaselena/?hl=en_zD0
Cafe Maya,"114 Farringdon Road, London EC1R 3AP England",+44 20 7837 3190,BCy_https://www.facebook.com/Cafe-Maya-181977408497181/?ref=br_rs_jZk
Goodman Canary Wharf,"3 South Quay Square, London E14 9RU England",+44 20 7531 0300,0bt_http://www.goodmanrestaurants.com/our-meat_fq8
Chimichurris,"132 Southwark Bridge Road, London SE1 0DG England",+44 20 7401 2308,YMg_http://www.chimichurris.co.uk_Hry
Angus Steakhouse Paddington,"163 Praed Street, London W2 1RH England",+44 20 7706 4879,pPB_http://www.angussteakhouse.co.uk/#our-restaurants_IzR
Steak and Company - Piccadilly Circus,"24 Haymarket Piccadilly Circus, London SW1Y 4DG England",+44 20 7930 8544,5oH_http://www.steakandcompany.co.uk_Oor
Popolo Shoreditch,"26 Rivington Street, London EC2A 3DU England",+44 20 7729 4299,sGr_http://www.popoloshoreditch.com_Rq7
Flat Iron Tottenham Court Rd,"9 Denmark Street Charring Cross Road/Tottenham Court Road, London WC2H 8LS England",0592144795,QZ8_http://flatironsteak.co.uk_Kpq
Il Girasole,"189 Garratt Lane Wandsworth, London SW18 4DR England",+44 20 8870 0931,EPN_http://www.ilgirasolerestaurant.co.uk_cPb
Lokkanta Meze & Barbeque,"31 Westbourne Grove, London W2 4UA England",+44 20 7792 0119,PuA_http://www.lokkanta.co.uk_Y68
Pizza Pilgrims,"11 Kingly Street, London W1B 5PL England",+44 20 7287 2200,z8f_http://pizzapilgrims.co.uk/pizzerias/kingly-st-carnaby/_1vH
Angus Steakhouse Paddington,"163 Praed Street, London W2 1RH England",+44 20 7706 4879,lo2_http://www.angussteakhouse.co.uk/#our-restaurants_F4j
Bustronome,"Coach Bay 40B, Victoria Embankment, London WC2N 6PB England",+44 20 3744 5554,SYG_https://www.bustronome.com/en/_JVG
Angler,"3 South Place South Place Hotel, London EC2M 2AF England",+44 20 3215 1260,KaK_http://www.anglerrestaurant.com/_BQM
Companero,"32 Dalston Lane Dalston, London E8 3AU England",+44 7894 433754,EfE_http://companerolondon.co.uk_oJr
Bar Remo,"2 Princes Street, London W1B 2LB England",+44 20 7629 1715,aZu_http://barremo.london_je6
Flat Iron Shoreditch,"77 Curtain Road, London EC2A 3BS England",,mq1_http://flatironsteak.co.uk/_u5z
Maharaja of India,"19A Charing Cross Road, London WC2H 0ET England",+44 7427 316019,64l_http://www.maharaja-of-india.co.uk_cD4
imm Thai Fusion Wimbledon,"162 The Broadway, London SW19 1RX England",+44 20 8545 0021,3A4_http://www.immthaifusion.co.uk_wD0
Petek,"96 Stroud Green Road, London N4 3EN England",+44 20 7619 3933,qrL_http://www.petekrestaurant.co.uk/_RD4
Darwin Brasserie,"20 Fenchurch Street The Sky Garden, London EC3M 3BY England",+44 333 772 0020,WeZ_http://skygarden.london/darwin_b1M
Chettinad Restaurant,"16 Percy Street Soho, London W1T 1DT England",+44 20 3556 1229,vXN_http://www.chettinadrestaurant.com/_u2h
Rodfai Thai street food,"322 Uxbridge Road, London W3 9QP England",+44 20 8993 6363,nv7_http://www.rodfai.co.uk_6RO
Delamina EAST,"151-153 Commercial Street, London E1 6BJ England",+44 20 7078 0770,Z1g_http://delaminakitchen.co.uk/pages/east_cLV
The Clerk and Well,"156 Clerkenwell Road, London EC1R 5DU England",+44 20 7837 8548,7zN_http://www.clerkandwell.co.uk/london_qAx
Flat Iron Covent Garden,"17/18 Henrietta Street, London WC2E 8QH England",+44 20 3019 4212,E5e_http://www.flatironsteak.co.uk_dBx
Buffalo American Grill & Tex-Mex,"33-35 Greenwich Church Street, London SE10 9JB England",+44 20 8853 4880,2QG_http://www.buffalo-greenwich.co.uk/_bKK
The Barbary,"16 Neal's Yard, London WC2H 9DP England",,WLW_http://thebarbary.co.uk_183
STK Steakhouse London - Westminster,"30 John Islip St Westminster 30, London SW1P 4DD England",+44 20 7233 7575,cE4_http://stksteakhouse.com/venues/westminster/_61H
Ngon Ngon,"144 Clerkenwell Road, London EC1R 5DP England",+44 20 7278 4123,429_http://www.ngonngon.co.uk_K09
La Dame de Pic London,"10 Trinity Square Four Seasons Hotel London at Ten Trinity Square, London EC3N 4AJ England",+44 20 3297 3799,bhm_http://www.ladamedepiclondon.co.uk_CR9
Paramount Lebanese Kitchen,"26 London Street, London W2 1HH England",+44 20 7262 1111,5bY_https://paramountlebanesekitchen.co.uk/_dQT
Salt & Pepper,"5 Bloomsbury Street, London WC1B 3QE England",+44 20 7580 8448,fL6_http://www.saltandpepper.london_0rC
Falafel Feast,"377 Regents Park Road opp Station Rd, by Finchley Central Station, London N3 1DE England",+44 20 8346 3361,hU0_http://www.falafelfeast.co.uk_IaH
Tajmahal Kingscross,"339 Grays Inn Road, London Wc1x 8px England",+44 20 7837 6370,Bc2_http://www.tajmahalkingcross.co.uk_fvF
Chez Antoinette,"The Piazza Lower floor, London WC2E 8RE England",+44 20 7240 9072,3dK_http://www.chezantoinette.co.uk_kPU
Indigo Restaurant,"1 Aldwych One Aldwych Hotel, London WC2B 4BZ England",+44 20 7300 0400,wMY_http://www.onealdwych.com/food-drink/indigo/indigo-menus/_yeH
The Wilmington,"69 Rosebery Avenue Clerkenwell, London EC1R 4RL England",+44 20 7837 1384,JiU_http://www.wilmingtonclerkenwell.com/_qm3
The Coral Room,"16-22 Great Russell Street Bloomsbury, London WC1B 3NN England",+44 20 7347 1221,okr_http://www.thecoralroom.co.uk/_JrN
Augustus Harris,"33 Catherine Street, London WC2B 5JT England",+44 20 7240 7111,a7u_http://www.augustusharris.com_fts
Avanti Chiswick,"4 Bedford Corner South Parade, London W4 1LD England",+44 20 8994 9444,TE9_http://avantichiswick.com/_LUd
Avanti Chiswick,"4 Bedford Corner South Parade, London W4 1LD England",+44 20 8994 9444,U7C_http://avantichiswick.com/_HHC
Kua 'Aina,"26 Fouberts Place, London W1F 7PP England",+44 20 7287 7474,olr_http://www.kua-aina.co.uk/_fGz
Omnino Leadenhall,"78-79 Leadenhall Street, London EC3A 3DH England",+44 20 7283 3926,YQn_http://www.omninorestaurants.com_k8d
Liz Cafe,"7 Goldhawk Road, London W12 8QQ England",+44 7984 660358,rx1_https://www.facebook.com/Liz-Cafe-633274836691108/_HFI
Roxie Steak - Fulham,"803 Fulham Road Fulham, London SW6 5HE England",+44 20 7371 5785,B85_http://www.roxiesteak.co.uk_vID
Mere,"74 Charlotte Street, London W1T 4QH England",+44 20 7268 6565,NX0_http://www.mere-restaurant.com_xz2
Oaka at the Mansion House,"48 Kennington Park Road, London SE11 4RS England",+44 20 7582 5599,Lw5_http://www.oakalondon.com/_29V
The Albany,"240 Great Portland Street, London W1W 5QU England",+44 20 7387 0221,TAx_http://www.thealbanyw1w.co.uk/_rfl
Portobello Garden Caffe,"Notting Hill 269B Portobello Road, London W11 1LR England",+44 20 7792 8419,L8H_https://www.facebook.com/Portobello-Garden-Caffe-654459517967701/_Pkl
Galvin at Windows,"22 Park Lane 28th Floor, London W1K 1BE England",+44 20 7208 4021,YvC_http://www.galvinatwindows.com_Zw7
The London Gin Club,"22 Great Chapel Street, London W1F 8FR England",+44 20 7223 5200,pjo_https://www.facebook.com/London-Gin-Club-367723533238870/_AE3
Odette's Restaurant,"130 Regents Park Road Primrose Hill, London NW1 8XL England",+44 20 7586 8569,rQz_http://www.odettesprimrosehill.com/location/_DTP
Hot Stone Fitzrovia,"3 Windmill Street, London W1T 2HY England",+44 20 7419 0305,meX_http://hotstonelondon.com/fitzrovia/_YFL
Lost Boys Pizza Camden,"245 Eversholt Street, London NW1 1BA England",+44 20 7388 2101,QRq_http://lostboyspizza.com/camden/_Z3A
Gordon Ramsay Street Pizza - St Paul's,"10 Bread Street, London EC4M 9AJ England",+44 20 7499 0120,IZJ_http://www.gordonramsayrestaurants.com/street-pizza/_sqT
Kitty Fisher's,"10 Shepherd Market, London W1J 7QF England",+44 20 3302 1661,PjP_http://www.kittyfishers.com_XtA
The Library at County Hall,"County Hall Westminster Bridge Road Flats And Block Names, London SE1 7PB England",+44 20 7902 8000,xG6_http://www.thelibraryatcountyhall.com/_r41
Zonzo Restaurant,"342 Edgware Road Zonzo Restaurant, London W2 1EA England",+44 20 7723 9777,7Al_http://www.zonzorestaurant.co.uk_GvI
Steak and Company - Piccadilly Circus,"24 Haymarket Piccadilly Circus, London SW1Y 4DG England",+44 20 7930 8544,bI9_http://www.steakandcompany.co.uk_uIS
Prawn on the Lawn,"292-294 St. Pauls Road Highbury East, London N1 2LL England",+44 20 3302 8668,8Ax_http://www.prawnonthelawn.com_2H9
Cora Pearl Restaurant,"30 Henrietta Street Covent Garden, London WC2E 8NA England",+44 20 7324 7722,3Ob_http://www.corapearl.co.uk_T1v
Tierra Peru,"164 Essex Road Islington, London N1 8LY England",+44 20 7354 5586,LRq_http://www.tierraperu.co.uk/_6Sc
Cafe 338,"338 Bethnal Green Road, London E2 0AG England",+44 20 7729 0246,Ovq_http://cafe338.com/_8UF
Hood,"67 Streatham Hill Streatham, London SW2 4TX England",+44 20 3601 3320,xEC_http://www.hoodrestaurants.com_2ba
STK Steakhouse London - Westminster,"30 John Islip St Westminster 30, London SW1P 4DD England",+44 20 7233 7575,bnp_http://stksteakhouse.com/venues/westminster/_eY1
Kirvem,"663 Commercial Road, London E14 7LW England",+44 20 7001 1001,697_https://www.facebook.com/kirvemrestaurant/_YPm
Browns Victoria,"2 Cardinal Walk Victoria, Cardinal Place, London SW1E 5JE England",+44 20 7821 1450,s4v_http://www.browns-restaurants.co.uk/restaurants/london/victoria_Iqg
Supawan Thai Restaurant,"38 Caledonian Road, London N1 9DT England",+44 20 7278 2888,evI_http://www.supawan.co.uk_Ln3
Twist Connubio,"42 Crawford Street, London W1H 1JW England",+44 20 7723 3377,6Gx_http://www.twistconnubio.com_ezu
Dishoom Shoreditch,"7 Boundary Street, London E2 7JE England",+44 20 7420 9324,Ykj_https://www.dishoom.com/shoreditch?utm_source=extendednetwork&utm_medium=organic&utm_campaign=Yext&utm_content=D2-Shoreditch&y_source=1_MjMwNDkyMDQtNzY5LWxvY2F0aW9uLndlYnNpdGU%3D_EeP
Goddard & Gibbs,"100 Shoreditch High Street, London E1 6HU England",+442076139802,aEP_https://www.goddardandgibbs.com/_Wdd
Railway Bell,"87 George Lane South Woodford, London E18 1JJ England",+44 20 8989 0229,y8d_http://www.railwaybell-pub.co.uk_IpU
Senor Ceviche,"Kingly Court Carnaby, London W1B 5PW England",+44 20 7842 8540,ESd_http://www.senor-ceviche.com/book_uYy
Sanzio,"26 Station Parade Willesden Green, London NW2 4NH England",+44 20 8830 5221,7u1_http://booking.resdiary.com/widget/Standard/Sanzio/440?ChannelCode=tripadvisor_xFI
The Schoolhouse,"137-139 St. John's Hill, London SW11 1TD England",+44 20 7223 6288,fQB_http://www.theschoolhouse.london_msi
St. Ermin's Tea Lounge,"2 Caxton Street St. Ermin's Hotel - Autograph Collection, London SW1H 0QW England",+44 20 7222 7888,o6N_http://www.sterminshotel.co.uk/eating-drinking/afternoon-tea/_tYB
Tajmahal Kingscross,"339 Grays Inn Road, London Wc1x 8px England",+44 20 7837 6370,xd2_http://www.tajmahalkingcross.co.uk_ow4
Calici,"29 Belsize Lane, London NW3 5AS England",+44 20 7435 9888,xw0_https://www.facebook.com/calicirestaurant/_tB8
The Plume of Feathers,"19 Park Vista Greenwich, London SE10 9LZ England",+44 20 8858 1661,4l4_http://www.plumeoffeathers-greenwich.co.uk/index.htm_ud2
Ponti's Italian Kitchen - John Princes Street,"5-7 John Princes Street Oxford Circus, London W1G 0JN England",+44 20 3230 3018,mdc_http://www.pontis.co.uk/_ste
Roxie Steak - Earlsfield,"585 Garratt Lane Earlsfield, London SW18 4ST England",+44 20 8944 9602,EgW_http://www.roxiesteak.co.uk_Nr0
The Foyer At Claridge's,"Brook Street Mayfair, London W1K 4HR England",+44 20 7107 8886,c8g_http://www.claridges.co.uk/mayfair-restaurants-bars/restaurants/the-foyer-and-reading-room/_5fo
The Grill at The Dorchester,"53 Park Lane The Dorchester Hotel, London W1K 1QA England",+44 20 7629 8888,t2r_https://www.dorchestercollection.com/en/london/the-dorchester/restaurants-bars/the-grill-at-the-dorchester/_4yx
Oaka at the Mansion House,"48 Kennington Park Road, London SE11 4RS England",+44 20 7582 5599,GQg_http://www.oakalondon.com/_EpB
RAPSA,"100-104 Hoxton Street, London N1 6SG England",+44 20 7729 1444,il7_http://100hoxton.com_gLp
African Gallery Kitchen,"102 Drummond Street, London NW1 2HN England",+44 20 7383 0918,vks_http://africankitchen.gallery_0II
Nenno Pizza Restaurant,"14-16 Caledonian Road, London N1 9DU England",+44 20 7833 2790,nQf_http://www.nennopizza.co.uk_OlU
Kitchen W8,"11-13 Abingdon Road, London W8 6AH England",+44 20 7937 0120,snq_http://www.kitchenw8.com/_cNR
Honest Burgers - Borough,"5-7 Southwark Street, London SE1 1RQ England",+44 20 3096 9485,Ceo_https://www.honestburgers.co.uk/locations/borough/_Ipr
Bustronome,"Coach Bay 40B, Victoria Embankment, London WC2N 6PB England",+44 20 3744 5554,D5Y_https://www.bustronome.com/en/_8xU
Brewhouse & Kitchen - Islington (Angel),"Torrens Street, London EC1V 1NQ England",+44 20 7837 9421,hdr_http://www.brewhouseandkitchen.com/islington_UQA
Honest Burgers,"Warren St 117 Tottenham Court Road, London W1T 5AL England",+44 20 3597 6277,nxP_https://www.honestburgers.co.uk/locations/warren-st/_iHr
Mumbai Delight,"51A South Lambeth Road Vauxhall, London SW8 1RH England",+44 20 7091 0043,KaT_http://www.mumbaidelight.co.uk/_Lk2
Chisou Japanese Restaurant,"22-23 Woodstock Street, London W1C 2AR England",+44 20 7629 3931,1ze_http://www.chisourestaurant.com/mayfair_Xv2
Cyprus Mangal,"45 Warwick Way, London SW1V 1QS England",+44 20 7828 5940,KZ0_http://www.cyprusmangal.co.uk_bu0
STK Steakhouse Strand,"336-337 Strand ME London Hotel, London WC2R 1HA England",+44 20 3137 2520,oAo_https://stksteakhouse.com/venues/london-strand/_kss
Kashmir A Culinary Paradise,"18 Lacy Road Putney, London SW15 1NL England",+44 7477 533888,bIV_https://www.facebook.com/KashmirrestaurantUK_O7V
Honest Burgers - Camden,"Unit 34A Camden Lock Place Camden Lock Place, London NW1 8AF England",+44 20 3597 6259,xCJ_https://www.honestburgers.co.uk/locations/camden/_KWK
Simpson's in The Strand,"100 Strand Covent Garden, London WC2R 0EW England",+44 20 7420 2116,mJr_http://www.simpsonsinthestrand.co.uk_P3p
Specialist Cellars,"Pop Brixton 49 Brixton Station Road, London SW9 8PQ England",+44 20 3857 5870,azF_http://specialistcellars.co.uk/_Xt4
Copper & Ink,"5 Lee Road, Blackheath, London SE3 9RQ England",+44 20 3941 9337,lAU_http://www.copperandink.com_8lG
STK Steakhouse London - Westminster,"30 John Islip St Westminster 30, London SW1P 4DD England",+44 20 7233 7575,lZ8_http://stksteakhouse.com/venues/westminster/_XlD
Hispania London,"72-74 Lombard Street, London EC3V 9AY England",+44 20 7621 0338,FQb_http://www.hispanialondon.com_xVf
Humble Grape Liverpool Street,"8 Devonshire Row off Bishopsgate, London EC2M 4RH England",+44 20 3887 9287,Cak_http://www.humblegrape.co.uk/wine-bar/liverpool-street/_FOc
The Curry Room,"39 Buckingham Palace Road The Rubens at the Palace, London SW1W 0PS England",+442078346600,aqs_https://rubenshotel.com/dining-and-drinks/the-curry-room_wH3
Rucoletta,"6 Foster Lane, London EC2V 6HH England",+44 20 7600 7776,o8l_http://www.rucoletta.co.uk/_UIf
The India - Best of the City,"Cannon Street 21 College Hill, London EC4R 2RP England",+44 20 7248 5855,cVT_http://theindia.restaurant/_ipc
Angus Steakhouse Oxford Circus,"243 Argyll Street Oxford Circus, London W1D 2LU England",+44 20 7734 5025,N03_http://www.angussteakhouse.co.uk/_ne3
Lobby Bar at One Aldwych,"1 Aldwych One Aldwych Hotel, London WC2B 4BZ England",+44 20 7300 1070,dDa_http://www.onealdwych.com/food-drink/lobby-bar/lobby-bar-menus/_7vx
The Marquis,"51-52 Chandos Place, London WC2N 4HS England",+44 20 7379 0367,74y_http://www.mspubs.co.uk_OhL
Stone Cave Cafe Bar & Restaurant,"111 Kingsland High Street Dalston, London E8 2PB England",+44 20 7241 4911,qn1_http://www.stonecave.co.uk_J4y
Honest Burgers Portobello,"189 Portobello Road, London W11 2ED England",+44 20 8154 2095,Shi_https://www.honestburgers.co.uk/locations/portobello/_wC5
Buen Ayre,"50 Broadway Market E8 4QJ, London E8 4QJ England",+44 20 7275 9900,rNy_http://www.buenayre.co.uk/_Gvu
Brasserie Lutetia,"68 Regent Street At Hotel Café Royal, London W1B 4DY England",+44 20 4571 6745,uXS_http://www.hotelcaferoyal.com/brasserie-lutetia-at-cafe-royal_px8
Steak And Company Gloucester Road,"152 Gloucester Road Kensington, London SW7 4DT England",+44 20 7373 2010,Oam_http://www.steakandcompany.co.uk_jjM
Lime Orange,"312 Vauxhall Bridge Road, London SW1V 1AA England",+44 20 8616 0498,j9t_http://www.limeorange.co.uk_fTM
Beirut Nights,"19 Abbey Road, London NW10 7RB England",+44 20 8961 2101,7np_https://www.facebook.com/beirutnightslondon/_bWH
Kennedys OF Goswell Road,"184-186 Goswell Road, London EC1V 7DT England",+44 20 7490 2089,j3n_http://kennedyslondon.co.uk/_TUe
Steak And Company Gloucester Road,"152 Gloucester Road Kensington, London SW7 4DT England",+44 20 7373 2010,2f8_http://www.steakandcompany.co.uk_dqm
Oslo Court,"Charlbert St, London NW8 7EN England",+44 20 7722 8795,0Im_http://www.oslocourtrestaurant.co.uk_vyL
Jamon Jamon Belsize Park,"177 Haverstock Hill, London NW3 4QS England",+44 20 7483 4242,X3f_http://jamonjamon.uk.com/booking/#1642380119237-5f14dd1f-af6a_QLm
The Ninth,"22 Charlotte Street, London W1T 2NB England",+44 20 3019 0880,uio_http://theninthlondon.com_6I6
The Royal Automobile Club,"89 Pall Mall, London SW1Y 5HS England",+44 20 7930 2345,jWS_http://www.royalautomobileclub.co.uk/_Vp8
Petrus by Gordon Ramsay,"1 Kinnerton Street Knightsbridge, London SW1X 8EA England",+44 20 7592 1609,FlV_http://www.gordonramsayrestaurants.com/petrus_Pq2
Dishoom Kensington,"4 Derry Street, London W8 5SE England",+44 20 7420 9325,uH2_https://www.dishoom.com/kensington/?utm_source=extendednetwork&utm_medium=organic&utm_campaign=Yext&utm_content=D6-Kensington&y_source=1_MjMwNDkyMDctNzY5LWxvY2F0aW9uLndlYnNpdGU%3D_whi
Bife,"40-42 Middlesex Street, London E1 7EX England",+44 20 7650 7948,zjL_http://www.bife.co.uk_CFn
Angus Steakhouse Bond St,"10 Woodstock St, Mayfair, London W1C 2AD England",+44 20 7629 4175,grY_http://www.angussteakhouse.co.uk/?fbclid=IwAR0K-7tnGGxApn8aF4SeNdRhdv7Nss-bRA1UsSuZy7NR2ovQKTjon2hRLjk#our-restaurants_CNm
MBER,"1A Pudding Lane, London EC3R 8AB England",+44 20 8003 8880,3RL_https://www.mber.london_TJ2
Marcus,"Knightsbridge Wilton Place, London SW1X 7RL England",+44 20 7235 1200,kkv_https://www.marcusrestaurant.com/_5vc
Honest Burgers,"24 Thurloe Street South Kensington, London SW7 2LT England",+44 20 3019 6440,WBX_https://www.honestburgers.co.uk/locations/south-kensington/_VOV
bobochacha,"192 Tooting High Street, Tooting, London SW17 0SF England",+44 20 8672 4250,Sal_http://www.bobochacha.com/_HNH
Honest Burgers Baker St,"31 Paddington Street, London W1U 4HD England",+44 20 3019 6566,qEd_https://www.honestburgers.co.uk/locations/baker-st/_Uav
Bustronome,"Coach Bay 40B, Victoria Embankment, London WC2N 6PB England",+44 20 3744 5554,hNL_https://www.bustronome.com/en/_8Uo
Peter's Cafe,"73 Aldgate High Street Tower, London EC3N 1BD England",+44 20 7481 9937,
Lime and Thyme,"56 Coombe Lane Raynes Park, London SW20 0LA England",+44 20 8946 5068,E94_http://thelimeandthyme.com/_QdD
Los Molinos,"Brook Green 127 Shepherds Bush Road, London W6 7LP England",+44 20 7603 2229,mUm_http://losmolinosuk.com/_sJs
Brazilian Gourmet,"70 Cleveland Street, London W1T 6LY England",0207 018 08790207 018 0879,cQL_http://www.braziliangourmet.co.uk_MIK
Leila Moroccan and Lebanese Restaurant,"Uxbridge Road, London W5 3NN England",+44 20 8993 2782,SwJ_http://www.leila-ealing.co.uk_770
Steak and Company - Piccadilly Circus,"24 Haymarket Piccadilly Circus, London SW1Y 4DG England",+44 20 7930 8544,xFh_http://www.steakandcompany.co.uk_FB2
Pappa Roma,"6 Glendower Place South Kensington, London SW7 3DP England",+44 20 7225 2407,OeC_http://papparoma.com_RpD
Sinabro Restaurant,"28 Battersea Rise, London SW11 1EE England",+44 20 3302 3120,Z2m_http://www.sinabro.co.uk_JsZ
Forman's Restaurant,"Stour Road, London E3 2NT England",+44 20 8525 2365,ixJ_http://www.formans.co.uk/restaurant_XfM
Salsa! Soho,"96 Charing Cross Road, London WC2H 0JG England",+44 20 7379 3277,IAZ_http://www.bar-salsa.com/soho_VZR
A.Wong,"70 Wilton Road, London SW1V 1DE England",+44 20 7828 8931,Uv1_https://www.awong.co.uk/_52m
Calici,"29 Belsize Lane, London NW3 5AS England",+44 20 7435 9888,x9w_https://www.facebook.com/calicirestaurant/_2MG
Silka,"6 - 8 Southwark Street Borough Market, London SE1 1TQ England",+44 20 7378 6161,XgC_http://www.silka.co.uk_1Jl
Chino Latino,"18 Albert Embankment Park Plaza Riverbank Hotel, London SE1 7TJ England",+44 20 7769 2500,vWZ_http://www.chinolatino.eu/london_IDQ
Coal Office Restaurant,"2 Bagley Walk, London N1C 4PQ England",+44 20 3848 6085,oBL_http://www.coaloffice.com/_gF1
Sheila's Cafe,"24A Craven Terrace Lancester Gate, London W2 3QH England",+44 20 7402 8065,HeX_https://www.facebook.com/Sheilas-Cafe-2050833225238831/_U14
Cacciari's Earls Court,"82 Pembroke Road, London W8 6NX England",+44 7379 618282,kjg_http://www.cacciaris.co.uk/_qU2
Angus Steakhouse Oxford Circus,"243 Argyll Street Oxford Circus, London W1D 2LU England",+44 20 7734 5025,829_http://www.angussteakhouse.co.uk/_IbW
Junsei,"132 Seymour Place Marleybone, London W1H 1NS England",+44 20 7723 4058,yR3_http://www.junsei.co.uk_l9Y
Lowlander,"36 Drury Lane Covent Garden, London WC2B 5RR England",+44 20 7379 7446,qfv_http://www.lowlander.com_RxP
Gola Restaurant,"787 Fulham Road Cucina Pugliese, London SW6 5HD England",+44 20 7751 0141,MnR_http://www.golalondon.com_8m6
Mildreds Soho,"45 Lexington Street, London W1F 9AN England",+44 20 7494 1634,VEU_http://www.mildreds.co.uk_IMN
Lord Nelson,"243 Union Street Southwark, London SE1 0LR England",+44 20 7207 2701,rhe_http://www.lordnelsonsouthwark.com/_yw1
Olde Goa,"1336 London Road Norbury, London SW16 4DG England",+44 20 8765 9998,eDg_http://currytree.co.uk/_DBF
